sk,profile_url,image_path,image_url,reference_url
16ab52ef88849076e07bb675b,https://www.linkedin.com/in/johnkostoulas/,/root/automation_pi/Linkedin/Linkedin/spiders/images/image/johnkostoulas_13703284.jpg,https://media.licdn.com/mpr/mpr/shrink_100_100/AAEAAQAAAAAAAAfsAAAAJGY5ZDNlMDYzLTg1N2ItNDA0OC04M2ZhLWQ3YTA3NTgwMTdmMA.jpg,https://www.linkedin.com/in/johnkostoulas/
1e520a3c560c1daeb43071215,https://www.linkedin.com/in/christie-john-21a99636/,/root/automation_pi/Linkedin/Linkedin/spiders/images/image/christie_127848118.jpg,https://media.licdn.com/mpr/mpr/shrink_100_100/p/6/005/0a8/132/2091ef3.jpg,https://www.linkedin.com/in/christie-john-21a99636/
214b4b102b2aa461a48fcb0f2,https://www.linkedin.com/in/alanlowe1066/,/root/automation_pi/Linkedin/Linkedin/spiders/images/image/rosamontesinosmasso_5600353.jpg,https://media.licdn.com/mpr/mpr/shrink_100_100/AAEAAQAAAAAAAAhOAAAAJGFkNGFhMGM4LTcwMzctNDgyZC1iMzFhLTgyMWI1NWVjYWZhOA.jpg,https://www.linkedin.com/in/alanlowe1066/
23723773b256d7f3fe889ed73,https://www.linkedin.com/in/christie-john-21a99636/,/root/automation_pi/Linkedin/Linkedin/spiders/images/image/christie_127848118.jpg,https://media.licdn.com/mpr/mpr/shrink_100_100/p/6/005/0a8/132/2091ef3.jpg,https://www.linkedin.com/in/christie-john-21a99636/
388314c6bfb43ef4b81292ab8,https://www.linkedin.com/in/tarikaitmohamed,/root/automation_pi/Linkedin/Linkedin/spiders/images/image/tarikaitmohamed_21998392.jpg,https://media.licdn.com/mpr/mpr/shrink_100_100/p/2/000/062/28f/385fa1e.jpg,https://www.linkedin.com/in/tarikaitmohamed
38aada51c9e557503886af6d4,https://www.linkedin.com/in/opdurand/,/root/automation_pi/Linkedin/Linkedin/spiders/images/image/opdurand_8386367.jpg,https://media.licdn.com/mpr/mpr/shrink_100_100/AAEAAQAAAAAAAAkAAAAAJDk4YWMxMDhkLTAzOGYtNDM3NC1hMjFkLWVjNWZjYTYzNzczOA.jpg,https://www.linkedin.com/in/opdurand/
5798c8294bf6ebe8338cebaff,https://www.linkedin.com/in/tarikaitmohamed,/root/automation_pi/Linkedin/Linkedin/spiders/images/image/tarikaitmohamed_21998392.jpg,https://media.licdn.com/mpr/mpr/shrink_100_100/p/2/000/062/28f/385fa1e.jpg,https://www.linkedin.com/in/tarikaitmohamed
5c997ab30d318289871795948,https://www.linkedin.com/in/samikasraoui,/root/automation_pi/Linkedin/Linkedin/spiders/images/image/samikasraoui_6616309.jpg,https://media.licdn.com/mpr/mpr/shrink_100_100/p/3/005/030/00f/379d9ea.jpg,https://www.linkedin.com/in/samikasraoui
5cd57425ac5b736fa9a0728a6,https://www.linkedin.com/in/rosamontesinosmasso/,/root/automation_pi/Linkedin/Linkedin/spiders/images/image/rosamontesinosmasso_5600353.jpg,https://media.licdn.com/mpr/mpr/shrink_100_100/p/8/000/1fd/1da/06bd0c0.jpg,https://www.linkedin.com/in/rosamontesinosmasso/
5fd67f621a3b898bfa5548ae4,https://www.linkedin.com/in/olivierdubuisson/,/root/automation_pi/Linkedin/Linkedin/spiders/images/image/olivierdubuisson_5710412.jpg,https://media.licdn.com/mpr/mpr/shrink_100_100/AAEAAQAAAAAAAARtAAAAJGZkOWIxYzUxLThjMjMtNGJhNi05MjgzLTM2MjRlNzVlOWEwZQ.jpg,https://www.linkedin.com/in/olivierdubuisson/
6ba4e66c3ee175ffff9ae981b,https://www.linkedin.com/in/alanlowe1066/,/root/automation_pi/Linkedin/Linkedin/spiders/images/image/rosamontesinosmasso_5600353.jpg,https://media.licdn.com/mpr/mpr/shrink_100_100/AAEAAQAAAAAAAAhOAAAAJGFkNGFhMGM4LTcwMzctNDgyZC1iMzFhLTgyMWI1NWVjYWZhOA.jpg,https://www.linkedin.com/in/alanlowe1066/
6ff38b20f8315f119c424c1fa,https://www.linkedin.com/in/kevintindall/,/root/automation_pi/Linkedin/Linkedin/spiders/images/image/kevintindall_128956986.jpg,https://media.licdn.com/mpr/mpr/shrink_100_100/p/6/005/067/26c/2204f3b.jpg,https://www.linkedin.com/in/kevintindall/
b5f4b0ce816e48b12ea8423e9,https://www.linkedin.com/in/johnkostoulas/,/root/automation_pi/Linkedin/Linkedin/spiders/images/image/johnkostoulas_13703284.jpg,https://media.licdn.com/mpr/mpr/shrink_100_100/AAEAAQAAAAAAAAfsAAAAJGY5ZDNlMDYzLTg1N2ItNDA0OC04M2ZhLWQ3YTA3NTgwMTdmMA.jpg,https://www.linkedin.com/in/johnkostoulas/
c0c1cc0cf0b5ffcca92586e8b,https://www.linkedin.com/in/ghazali/,/root/automation_pi/Linkedin/Linkedin/spiders/images/image/ghazali_3625208.jpg,https://media.licdn.com/mpr/mpr/shrink_100_100/AAEAAQAAAAAAAAl_AAAAJDA5NDc4NTJjLTJkN2YtNDkyYy05YmVjLTMyN2I3ZTc3MDQxNA.jpg,https://www.linkedin.com/in/ghazali/
c1f2c2ddc63df612aa8f8a0ca,https://www.linkedin.com/in/kevintindall/,/root/automation_pi/Linkedin/Linkedin/spiders/images/image/kevintindall_128956986.jpg,https://media.licdn.com/mpr/mpr/shrink_100_100/p/6/005/067/26c/2204f3b.jpg,https://www.linkedin.com/in/kevintindall/
c7a424fca075a2b0dd48cf0a6,https://www.linkedin.com/in/ghazali/,/root/automation_pi/Linkedin/Linkedin/spiders/images/image/ghazali_3625208.jpg,https://media.licdn.com/mpr/mpr/shrink_100_100/AAEAAQAAAAAAAAl_AAAAJDA5NDc4NTJjLTJkN2YtNDkyYy05YmVjLTMyN2I3ZTc3MDQxNA.jpg,https://www.linkedin.com/in/ghazali/
cd29b15a0d6949ca0fbf9a2ca,https://www.linkedin.com/in/alanlowe1066/,/root/automation_pi/Linkedin/Linkedin/spiders/images/image/rosamontesinosmasso_5600353.jpg,https://media.licdn.com/mpr/mpr/shrink_100_100/AAEAAQAAAAAAAAhOAAAAJGFkNGFhMGM4LTcwMzctNDgyZC1iMzFhLTgyMWI1NWVjYWZhOA.jpg,https://www.linkedin.com/in/alanlowe1066/
d19198a16280ea8d8e2b788f8,https://www.linkedin.com/in/johnkostoulas/,/root/automation_pi/Linkedin/Linkedin/spiders/images/image/johnkostoulas_13703284.jpg,https://media.licdn.com/mpr/mpr/shrink_100_100/AAEAAQAAAAAAAAfsAAAAJGY5ZDNlMDYzLTg1N2ItNDA0OC04M2ZhLWQ3YTA3NTgwMTdmMA.jpg,https://www.linkedin.com/in/johnkostoulas/
d1eb4388dfde9028bae1a407c,https://www.linkedin.com/in/rosamontesinosmasso/,/root/automation_pi/Linkedin/Linkedin/spiders/images/image/rosamontesinosmasso_5600353.jpg,https://media.licdn.com/mpr/mpr/shrink_100_100/p/8/000/1fd/1da/06bd0c0.jpg,https://www.linkedin.com/in/rosamontesinosmasso/
d9585014692f3d57b68f9cf8b,https://www.linkedin.com/in/olivierdubuisson/,/root/automation_pi/Linkedin/Linkedin/spiders/images/image/olivierdubuisson_5710412.jpg,https://media.licdn.com/mpr/mpr/shrink_100_100/AAEAAQAAAAAAAARtAAAAJGZkOWIxYzUxLThjMjMtNGJhNi05MjgzLTM2MjRlNzVlOWEwZQ.jpg,https://www.linkedin.com/in/olivierdubuisson/
e49e68448cf1c9700aef626ce,https://www.linkedin.com/in/christie-john-21a99636/,/root/automation_pi/Linkedin/Linkedin/spiders/images/image/johnkostoulas_13703284.jpg,https://media.licdn.com/mpr/mpr/shrink_100_100/p/6/005/0a8/132/2091ef3.jpg,https://www.linkedin.com/in/christie-john-21a99636/
ec3aac57dddee21a33e6aaabf,https://www.linkedin.com/in/opdurand/,/root/automation_pi/Linkedin/Linkedin/spiders/images/image/opdurand_8386367.jpg,https://media.licdn.com/mpr/mpr/shrink_100_100/AAEAAQAAAAAAAAkAAAAAJDk4YWMxMDhkLTAzOGYtNDM3NC1hMjFkLWVjNWZjYTYzNzczOA.jpg,https://www.linkedin.com/in/opdurand/
ed3a8471dc09604233eafedcf,https://www.linkedin.com/in/samikasraoui,/root/automation_pi/Linkedin/Linkedin/spiders/images/image/samikasraoui_6616309.jpg,https://media.licdn.com/mpr/mpr/shrink_100_100/p/3/005/030/00f/379d9ea.jpg,https://www.linkedin.com/in/samikasraoui
efd446a606cfb781b4dc2ed28,https://www.linkedin.com/in/opdurand/,/root/automation_pi/Linkedin/Linkedin/spiders/images/image/opdurand_8386367.jpg,https://media.licdn.com/mpr/mpr/shrink_100_100/AAEAAQAAAAAAAAkAAAAAJDk4YWMxMDhkLTAzOGYtNDM3NC1hMjFkLWVjNWZjYTYzNzczOA.jpg,https://www.linkedin.com/in/opdurand/
f109beddb472d1ca20ce51b10,https://www.linkedin.com/in/kevintindall/,/root/automation_pi/Linkedin/Linkedin/spiders/images/image/kevintindall_128956986.jpg,https://media.licdn.com/mpr/mpr/shrink_100_100/p/6/005/067/26c/2204f3b.jpg,https://www.linkedin.com/in/kevintindall/
f475372c53524ae54c409897f,https://www.linkedin.com/in/ghazali/,/root/automation_pi/Linkedin/Linkedin/spiders/images/image/ghazali_3625208.jpg,https://media.licdn.com/mpr/mpr/shrink_100_100/AAEAAQAAAAAAAAl_AAAAJDA5NDc4NTJjLTJkN2YtNDkyYy05YmVjLTMyN2I3ZTc3MDQxNA.jpg,https://www.linkedin.com/in/ghazali/
